{"cameraMode":{"drawMode":0,"name":"Shaded","section":"Shading Mode"},"sceneLighting":false,"audioPlay":false,"sceneViewState":{"m_AlwaysRefresh":false,"showFog":true,"showSkybox":false,"showFlares":true,"showImageEffects":true,"showParticleSystems":true,"showVisualEffectGraphs":true,"m_FxEnabled":true},"in2DMode":false,"pivot":{"x":7.769951820373535,"y":0.9996589422225952,"z":0.24000000953674317},"rotation":{"x":0.02558009698987007,"y":-0.7305624485015869,"z":0.027408961206674577,"w":0.6818162202835083},"size":1.046461582183838,"orthographic":true}